follower_id,followee_id,created_at
2,1,"2023-05-13 15:14:58"
2,3,"2023-05-13 15:14:58"
2,4,"2023-05-13 15:14:58"
2,5,"2023-05-13 15:14:58"
2,6,"2023-05-13 15:14:58"
2,7,"2023-05-13 15:14:58"
2,8,"2023-05-13 15:14:58"
2,9,"2023-05-13 15:14:58"
2,10,"2023-05-13 15:14:58"
2,11,"2023-05-13 15:14:58"
2,12,"2023-05-13 15:14:58"
2,13,"2023-05-13 15:14:58"
2,14,"2023-05-13 15:14:58"
2,15,"2023-05-13 15:14:58"
2,16,"2023-05-13 15:14:58"
2,17,"2023-05-13 15:14:58"
2,18,"2023-05-13 15:14:58"
2,19,"2023-05-13 15:14:58"
2,20,"2023-05-13 15:14:58"
2,21,"2023-05-13 15:14:58"
2,22,"2023-05-13 15:14:58"
2,23,"2023-05-13 15:14:58"
2,24,"2023-05-13 15:14:58"
2,25,"2023-05-13 15:14:58"
2,26,"2023-05-13 15:14:58"
2,27,"2023-05-13 15:14:58"
2,28,"2023-05-13 15:14:58"
2,29,"2023-05-13 15:14:58"
2,30,"2023-05-13 15:14:58"
2,31,"2023-05-13 15:14:58"
2,32,"2023-05-13 15:14:58"
2,33,"2023-05-13 15:14:58"
2,34,"2023-05-13 15:14:58"
2,35,"2023-05-13 15:14:58"
2,36,"2023-05-13 15:14:58"
2,37,"2023-05-13 15:14:58"
2,38,"2023-05-13 15:14:58"
2,39,"2023-05-13 15:14:58"
2,40,"2023-05-13 15:14:58"
2,41,"2023-05-13 15:14:58"
2,42,"2023-05-13 15:14:58"
2,43,"2023-05-13 15:14:58"
2,44,"2023-05-13 15:14:58"
2,45,"2023-05-13 15:14:58"
2,46,"2023-05-13 15:14:58"
2,47,"2023-05-13 15:14:58"
2,48,"2023-05-13 15:14:58"
2,49,"2023-05-13 15:14:58"
2,50,"2023-05-13 15:14:58"
2,51,"2023-05-13 15:14:58"
2,52,"2023-05-13 15:14:58"
2,53,"2023-05-13 15:14:58"
2,54,"2023-05-13 15:14:58"
2,55,"2023-05-13 15:14:58"
2,56,"2023-05-13 15:14:58"
2,57,"2023-05-13 15:14:58"
2,58,"2023-05-13 15:14:58"
2,59,"2023-05-13 15:14:58"
2,60,"2023-05-13 15:14:58"
2,61,"2023-05-13 15:14:58"
2,62,"2023-05-13 15:14:58"
2,63,"2023-05-13 15:14:58"
2,64,"2023-05-13 15:14:58"
2,65,"2023-05-13 15:14:58"
2,66,"2023-05-13 15:14:58"
2,67,"2023-05-13 15:14:58"
2,68,"2023-05-13 15:14:58"
2,69,"2023-05-13 15:14:58"
2,70,"2023-05-13 15:14:58"
2,71,"2023-05-13 15:14:58"
2,72,"2023-05-13 15:14:58"
2,73,"2023-05-13 15:14:58"
2,74,"2023-05-13 15:14:58"
2,75,"2023-05-13 15:14:58"
2,76,"2023-05-13 15:14:58"
2,77,"2023-05-13 15:14:58"
2,78,"2023-05-13 15:14:58"
2,79,"2023-05-13 15:14:58"
2,80,"2023-05-13 15:14:58"
2,81,"2023-05-13 15:14:58"
2,82,"2023-05-13 15:14:58"
2,83,"2023-05-13 15:14:58"
2,84,"2023-05-13 15:14:58"
2,85,"2023-05-13 15:14:58"
2,86,"2023-05-13 15:14:58"
2,87,"2023-05-13 15:14:58"
2,88,"2023-05-13 15:14:58"
2,89,"2023-05-13 15:14:58"
2,90,"2023-05-13 15:14:58"
2,91,"2023-05-13 15:14:58"
2,92,"2023-05-13 15:14:58"
2,93,"2023-05-13 15:14:58"
2,94,"2023-05-13 15:14:58"
2,95,"2023-05-13 15:14:58"
2,96,"2023-05-13 15:14:58"
2,97,"2023-05-13 15:14:58"
2,98,"2023-05-13 15:14:58"
2,99,"2023-05-13 15:14:58"
2,100,"2023-05-13 15:14:58"
3,1,"2023-05-13 15:14:58"
3,2,"2023-05-13 15:14:58"
3,4,"2023-05-13 15:14:58"
3,5,"2023-05-13 15:14:58"
3,6,"2023-05-13 15:14:58"
3,7,"2023-05-13 15:14:58"
3,8,"2023-05-13 15:14:58"
3,9,"2023-05-13 15:14:58"
3,10,"2023-05-13 15:14:58"
3,11,"2023-05-13 15:14:58"
3,12,"2023-05-13 15:14:58"
3,13,"2023-05-13 15:14:58"
3,14,"2023-05-13 15:14:58"
3,15,"2023-05-13 15:14:58"
3,16,"2023-05-13 15:14:58"
3,17,"2023-05-13 15:14:58"
3,18,"2023-05-13 15:14:58"
3,19,"2023-05-13 15:14:58"
3,20,"2023-05-13 15:14:58"
3,21,"2023-05-13 15:14:58"
3,22,"2023-05-13 15:14:58"
3,23,"2023-05-13 15:14:58"
3,24,"2023-05-13 15:14:58"
3,25,"2023-05-13 15:14:58"
3,26,"2023-05-13 15:14:58"
3,27,"2023-05-13 15:14:58"
3,28,"2023-05-13 15:14:58"
3,29,"2023-05-13 15:14:58"
3,30,"2023-05-13 15:14:58"
3,31,"2023-05-13 15:14:58"
3,32,"2023-05-13 15:14:58"
3,33,"2023-05-13 15:14:58"
3,34,"2023-05-13 15:14:58"
3,35,"2023-05-13 15:14:58"
3,36,"2023-05-13 15:14:58"
3,37,"2023-05-13 15:14:58"
3,38,"2023-05-13 15:14:58"
3,39,"2023-05-13 15:14:58"
3,40,"2023-05-13 15:14:58"
3,41,"2023-05-13 15:14:58"
3,42,"2023-05-13 15:14:58"
3,43,"2023-05-13 15:14:58"
3,44,"2023-05-13 15:14:58"
3,45,"2023-05-13 15:14:58"
3,46,"2023-05-13 15:14:58"
3,47,"2023-05-13 15:14:58"
3,48,"2023-05-13 15:14:58"
3,49,"2023-05-13 15:14:58"
3,50,"2023-05-13 15:14:58"
3,51,"2023-05-13 15:14:58"
3,52,"2023-05-13 15:14:58"
3,53,"2023-05-13 15:14:58"
3,54,"2023-05-13 15:14:58"
3,55,"2023-05-13 15:14:58"
3,56,"2023-05-13 15:14:58"
3,57,"2023-05-13 15:14:58"
3,58,"2023-05-13 15:14:58"
3,59,"2023-05-13 15:14:58"
3,60,"2023-05-13 15:14:58"
3,61,"2023-05-13 15:14:58"
3,62,"2023-05-13 15:14:58"
3,63,"2023-05-13 15:14:58"
3,64,"2023-05-13 15:14:58"
3,65,"2023-05-13 15:14:58"
3,66,"2023-05-13 15:14:58"
3,67,"2023-05-13 15:14:58"
3,68,"2023-05-13 15:14:58"
3,69,"2023-05-13 15:14:58"
3,70,"2023-05-13 15:14:58"
3,71,"2023-05-13 15:14:58"
3,72,"2023-05-13 15:14:58"
3,73,"2023-05-13 15:14:58"
3,74,"2023-05-13 15:14:58"
3,75,"2023-05-13 15:14:58"
3,76,"2023-05-13 15:14:58"
3,77,"2023-05-13 15:14:58"
3,78,"2023-05-13 15:14:58"
3,79,"2023-05-13 15:14:58"
3,80,"2023-05-13 15:14:58"
3,81,"2023-05-13 15:14:58"
3,82,"2023-05-13 15:14:58"
3,83,"2023-05-13 15:14:58"
3,84,"2023-05-13 15:14:58"
3,85,"2023-05-13 15:14:58"
3,86,"2023-05-13 15:14:58"
3,87,"2023-05-13 15:14:58"
3,88,"2023-05-13 15:14:58"
3,89,"2023-05-13 15:14:58"
3,90,"2023-05-13 15:14:58"
3,91,"2023-05-13 15:14:58"
3,92,"2023-05-13 15:14:58"
3,93,"2023-05-13 15:14:58"
3,94,"2023-05-13 15:14:58"
3,95,"2023-05-13 15:14:58"
3,96,"2023-05-13 15:14:58"
3,97,"2023-05-13 15:14:58"
3,98,"2023-05-13 15:14:58"
3,99,"2023-05-13 15:14:58"
3,100,"2023-05-13 15:14:58"
4,1,"2023-05-13 15:14:58"
4,2,"2023-05-13 15:14:58"
4,3,"2023-05-13 15:14:58"
4,5,"2023-05-13 15:14:58"
4,6,"2023-05-13 15:14:58"
4,7,"2023-05-13 15:14:58"
4,8,"2023-05-13 15:14:58"
4,9,"2023-05-13 15:14:58"
4,10,"2023-05-13 15:14:58"
4,11,"2023-05-13 15:14:58"
4,12,"2023-05-13 15:14:58"
4,13,"2023-05-13 15:14:58"
4,14,"2023-05-13 15:14:58"
4,15,"2023-05-13 15:14:58"
4,16,"2023-05-13 15:14:58"
4,17,"2023-05-13 15:14:58"
4,18,"2023-05-13 15:14:58"
4,19,"2023-05-13 15:14:58"
4,20,"2023-05-13 15:14:58"
4,21,"2023-05-13 15:14:58"
4,22,"2023-05-13 15:14:58"
4,23,"2023-05-13 15:14:58"
4,24,"2023-05-13 15:14:58"
4,25,"2023-05-13 15:14:58"
4,26,"2023-05-13 15:14:58"
4,27,"2023-05-13 15:14:58"
4,28,"2023-05-13 15:14:58"
4,29,"2023-05-13 15:14:58"
4,30,"2023-05-13 15:14:58"
4,31,"2023-05-13 15:14:58"
4,32,"2023-05-13 15:14:58"
4,33,"2023-05-13 15:14:58"
4,34,"2023-05-13 15:14:58"
4,35,"2023-05-13 15:14:58"
4,36,"2023-05-13 15:14:58"
4,37,"2023-05-13 15:14:58"
4,38,"2023-05-13 15:14:58"
4,39,"2023-05-13 15:14:58"
4,40,"2023-05-13 15:14:58"
4,41,"2023-05-13 15:14:58"
4,42,"2023-05-13 15:14:58"
4,43,"2023-05-13 15:14:58"
4,44,"2023-05-13 15:14:58"
4,45,"2023-05-13 15:14:58"
4,46,"2023-05-13 15:14:58"
4,47,"2023-05-13 15:14:58"
4,48,"2023-05-13 15:14:58"
4,49,"2023-05-13 15:14:58"
4,50,"2023-05-13 15:14:58"
4,51,"2023-05-13 15:14:58"
4,52,"2023-05-13 15:14:58"
4,53,"2023-05-13 15:14:58"
4,54,"2023-05-13 15:14:58"
4,55,"2023-05-13 15:14:58"
4,56,"2023-05-13 15:14:58"
4,57,"2023-05-13 15:14:58"
4,58,"2023-05-13 15:14:58"
4,59,"2023-05-13 15:14:58"
4,60,"2023-05-13 15:14:58"
4,61,"2023-05-13 15:14:58"
4,62,"2023-05-13 15:14:58"
4,63,"2023-05-13 15:14:58"
4,64,"2023-05-13 15:14:58"
4,65,"2023-05-13 15:14:58"
4,66,"2023-05-13 15:14:58"
4,67,"2023-05-13 15:14:58"
4,68,"2023-05-13 15:14:58"
4,69,"2023-05-13 15:14:58"
4,70,"2023-05-13 15:14:58"
4,71,"2023-05-13 15:14:58"
4,72,"2023-05-13 15:14:58"
4,73,"2023-05-13 15:14:58"
4,74,"2023-05-13 15:14:58"
4,75,"2023-05-13 15:14:58"
4,76,"2023-05-13 15:14:58"
4,77,"2023-05-13 15:14:58"
4,78,"2023-05-13 15:14:58"
4,79,"2023-05-13 15:14:58"
4,80,"2023-05-13 15:14:58"
4,81,"2023-05-13 15:14:58"
4,82,"2023-05-13 15:14:58"
4,83,"2023-05-13 15:14:58"
4,84,"2023-05-13 15:14:58"
4,85,"2023-05-13 15:14:58"
4,86,"2023-05-13 15:14:58"
4,87,"2023-05-13 15:14:58"
4,88,"2023-05-13 15:14:58"
4,89,"2023-05-13 15:14:58"
4,90,"2023-05-13 15:14:58"
4,91,"2023-05-13 15:14:58"
4,92,"2023-05-13 15:14:58"
4,93,"2023-05-13 15:14:58"
4,94,"2023-05-13 15:14:58"
4,95,"2023-05-13 15:14:58"
4,96,"2023-05-13 15:14:58"
4,97,"2023-05-13 15:14:58"
4,98,"2023-05-13 15:14:58"
4,99,"2023-05-13 15:14:58"
4,100,"2023-05-13 15:14:58"
5,1,"2023-05-13 15:14:58"
5,2,"2023-05-13 15:14:58"
5,3,"2023-05-13 15:14:58"
5,4,"2023-05-13 15:14:58"
5,6,"2023-05-13 15:14:58"
5,7,"2023-05-13 15:14:58"
5,8,"2023-05-13 15:14:58"
5,9,"2023-05-13 15:14:58"
5,10,"2023-05-13 15:14:58"
5,11,"2023-05-13 15:14:58"
5,12,"2023-05-13 15:14:58"
5,13,"2023-05-13 15:14:58"
5,14,"2023-05-13 15:14:58"
5,15,"2023-05-13 15:14:58"
5,16,"2023-05-13 15:14:58"
5,17,"2023-05-13 15:14:58"
5,18,"2023-05-13 15:14:58"
5,19,"2023-05-13 15:14:58"
5,20,"2023-05-13 15:14:58"
5,21,"2023-05-13 15:14:58"
5,22,"2023-05-13 15:14:58"
5,23,"2023-05-13 15:14:58"
5,24,"2023-05-13 15:14:58"
5,25,"2023-05-13 15:14:58"
5,26,"2023-05-13 15:14:58"
5,27,"2023-05-13 15:14:58"
5,28,"2023-05-13 15:14:58"
5,29,"2023-05-13 15:14:58"
5,30,"2023-05-13 15:14:58"
5,31,"2023-05-13 15:14:58"
5,32,"2023-05-13 15:14:58"
5,33,"2023-05-13 15:14:58"
5,34,"2023-05-13 15:14:58"
5,35,"2023-05-13 15:14:58"
5,36,"2023-05-13 15:14:58"
5,37,"2023-05-13 15:14:58"
5,38,"2023-05-13 15:14:58"
5,39,"2023-05-13 15:14:58"
5,40,"2023-05-13 15:14:58"
5,41,"2023-05-13 15:14:58"
5,42,"2023-05-13 15:14:58"
5,43,"2023-05-13 15:14:58"
5,44,"2023-05-13 15:14:58"
5,45,"2023-05-13 15:14:58"
5,46,"2023-05-13 15:14:58"
5,47,"2023-05-13 15:14:58"
5,48,"2023-05-13 15:14:58"
5,49,"2023-05-13 15:14:58"
5,50,"2023-05-13 15:14:58"
5,51,"2023-05-13 15:14:58"
5,52,"2023-05-13 15:14:58"
5,53,"2023-05-13 15:14:58"
5,54,"2023-05-13 15:14:58"
5,55,"2023-05-13 15:14:58"
5,56,"2023-05-13 15:14:58"
5,57,"2023-05-13 15:14:58"
5,58,"2023-05-13 15:14:58"
5,59,"2023-05-13 15:14:58"
5,60,"2023-05-13 15:14:58"
5,61,"2023-05-13 15:14:58"
5,62,"2023-05-13 15:14:58"
5,63,"2023-05-13 15:14:58"
5,64,"2023-05-13 15:14:58"
5,65,"2023-05-13 15:14:58"
5,66,"2023-05-13 15:14:58"
5,67,"2023-05-13 15:14:58"
5,68,"2023-05-13 15:14:58"
5,69,"2023-05-13 15:14:58"
5,70,"2023-05-13 15:14:58"
5,71,"2023-05-13 15:14:58"
5,72,"2023-05-13 15:14:58"
5,73,"2023-05-13 15:14:58"
5,74,"2023-05-13 15:14:58"
5,75,"2023-05-13 15:14:58"
5,76,"2023-05-13 15:14:58"
5,77,"2023-05-13 15:14:58"
5,78,"2023-05-13 15:14:58"
5,79,"2023-05-13 15:14:58"
5,80,"2023-05-13 15:14:58"
5,81,"2023-05-13 15:14:58"
5,82,"2023-05-13 15:14:58"
5,83,"2023-05-13 15:14:58"
5,84,"2023-05-13 15:14:58"
5,85,"2023-05-13 15:14:58"
5,86,"2023-05-13 15:14:58"
5,87,"2023-05-13 15:14:58"
5,88,"2023-05-13 15:14:58"
5,89,"2023-05-13 15:14:58"
5,90,"2023-05-13 15:14:58"
5,91,"2023-05-13 15:14:58"
5,92,"2023-05-13 15:14:58"
5,93,"2023-05-13 15:14:58"
5,94,"2023-05-13 15:14:58"
5,95,"2023-05-13 15:14:58"
5,96,"2023-05-13 15:14:58"
5,97,"2023-05-13 15:14:58"
5,98,"2023-05-13 15:14:58"
5,99,"2023-05-13 15:14:58"
5,100,"2023-05-13 15:14:58"
6,1,"2023-05-13 15:14:58"
6,2,"2023-05-13 15:14:58"
6,3,"2023-05-13 15:14:58"
6,4,"2023-05-13 15:14:58"
6,5,"2023-05-13 15:14:58"
6,7,"2023-05-13 15:14:58"
6,8,"2023-05-13 15:14:58"
6,9,"2023-05-13 15:14:58"
6,10,"2023-05-13 15:14:58"
6,11,"2023-05-13 15:14:58"
6,12,"2023-05-13 15:14:58"
6,13,"2023-05-13 15:14:58"
6,14,"2023-05-13 15:14:58"
6,15,"2023-05-13 15:14:58"
6,16,"2023-05-13 15:14:58"
6,17,"2023-05-13 15:14:58"
6,18,"2023-05-13 15:14:58"
6,19,"2023-05-13 15:14:58"
6,20,"2023-05-13 15:14:58"
6,21,"2023-05-13 15:14:58"
6,22,"2023-05-13 15:14:58"
6,23,"2023-05-13 15:14:58"
6,24,"2023-05-13 15:14:58"
6,25,"2023-05-13 15:14:58"
6,26,"2023-05-13 15:14:58"
6,27,"2023-05-13 15:14:58"
6,28,"2023-05-13 15:14:58"
6,29,"2023-05-13 15:14:58"
6,30,"2023-05-13 15:14:58"
6,31,"2023-05-13 15:14:58"
6,32,"2023-05-13 15:14:58"
6,33,"2023-05-13 15:14:58"
6,34,"2023-05-13 15:14:58"
6,35,"2023-05-13 15:14:58"
6,36,"2023-05-13 15:14:58"
6,37,"2023-05-13 15:14:58"
6,38,"2023-05-13 15:14:58"
6,39,"2023-05-13 15:14:58"
6,40,"2023-05-13 15:14:58"
6,41,"2023-05-13 15:14:58"
6,42,"2023-05-13 15:14:58"
6,43,"2023-05-13 15:14:58"
6,44,"2023-05-13 15:14:58"
6,45,"2023-05-13 15:14:58"
6,46,"2023-05-13 15:14:58"
6,47,"2023-05-13 15:14:58"
6,48,"2023-05-13 15:14:58"
6,49,"2023-05-13 15:14:58"
6,50,"2023-05-13 15:14:58"
6,51,"2023-05-13 15:14:58"
6,52,"2023-05-13 15:14:58"
6,53,"2023-05-13 15:14:58"
6,54,"2023-05-13 15:14:58"
6,55,"2023-05-13 15:14:58"
6,56,"2023-05-13 15:14:58"
6,57,"2023-05-13 15:14:58"
6,58,"2023-05-13 15:14:58"
6,59,"2023-05-13 15:14:58"
6,60,"2023-05-13 15:14:58"
6,61,"2023-05-13 15:14:58"
6,62,"2023-05-13 15:14:58"
6,63,"2023-05-13 15:14:58"
6,64,"2023-05-13 15:14:58"
6,65,"2023-05-13 15:14:58"
6,66,"2023-05-13 15:14:58"
6,67,"2023-05-13 15:14:58"
6,68,"2023-05-13 15:14:58"
6,69,"2023-05-13 15:14:58"
6,70,"2023-05-13 15:14:58"
6,71,"2023-05-13 15:14:58"
6,72,"2023-05-13 15:14:58"
6,73,"2023-05-13 15:14:58"
6,74,"2023-05-13 15:14:58"
6,75,"2023-05-13 15:14:58"
6,76,"2023-05-13 15:14:58"
6,77,"2023-05-13 15:14:58"
6,78,"2023-05-13 15:14:58"
6,79,"2023-05-13 15:14:58"
6,80,"2023-05-13 15:14:58"
6,81,"2023-05-13 15:14:58"
6,82,"2023-05-13 15:14:58"
6,83,"2023-05-13 15:14:58"
6,84,"2023-05-13 15:14:58"
6,85,"2023-05-13 15:14:58"
6,86,"2023-05-13 15:14:58"
6,87,"2023-05-13 15:14:58"
6,88,"2023-05-13 15:14:58"
6,89,"2023-05-13 15:14:58"
6,90,"2023-05-13 15:14:58"
6,91,"2023-05-13 15:14:58"
6,92,"2023-05-13 15:14:58"
6,93,"2023-05-13 15:14:58"
6,94,"2023-05-13 15:14:58"
6,95,"2023-05-13 15:14:58"
6,96,"2023-05-13 15:14:58"
6,97,"2023-05-13 15:14:58"
6,98,"2023-05-13 15:14:58"
6,99,"2023-05-13 15:14:58"
6,100,"2023-05-13 15:14:58"
8,1,"2023-05-13 15:14:58"
8,2,"2023-05-13 15:14:58"
8,3,"2023-05-13 15:14:58"
8,4,"2023-05-13 15:14:58"
8,5,"2023-05-13 15:14:58"
8,6,"2023-05-13 15:14:58"
8,7,"2023-05-13 15:14:58"
8,9,"2023-05-13 15:14:58"
8,10,"2023-05-13 15:14:58"
8,11,"2023-05-13 15:14:58"
8,12,"2023-05-13 15:14:58"
8,13,"2023-05-13 15:14:58"
8,14,"2023-05-13 15:14:58"
8,15,"2023-05-13 15:14:58"
8,16,"2023-05-13 15:14:58"
8,17,"2023-05-13 15:14:58"
8,18,"2023-05-13 15:14:58"
8,19,"2023-05-13 15:14:58"
8,20,"2023-05-13 15:14:58"
8,21,"2023-05-13 15:14:58"
8,22,"2023-05-13 15:14:58"
8,23,"2023-05-13 15:14:58"
8,24,"2023-05-13 15:14:58"
8,25,"2023-05-13 15:14:58"
8,26,"2023-05-13 15:14:58"
8,27,"2023-05-13 15:14:58"
8,28,"2023-05-13 15:14:58"
8,29,"2023-05-13 15:14:58"
8,30,"2023-05-13 15:14:58"
8,31,"2023-05-13 15:14:58"
8,32,"2023-05-13 15:14:58"
8,33,"2023-05-13 15:14:58"
8,34,"2023-05-13 15:14:58"
8,35,"2023-05-13 15:14:58"
8,36,"2023-05-13 15:14:58"
8,37,"2023-05-13 15:14:58"
8,38,"2023-05-13 15:14:58"
8,39,"2023-05-13 15:14:58"
8,40,"2023-05-13 15:14:58"
8,41,"2023-05-13 15:14:58"
8,42,"2023-05-13 15:14:58"
8,43,"2023-05-13 15:14:58"
8,44,"2023-05-13 15:14:58"
8,45,"2023-05-13 15:14:58"
8,46,"2023-05-13 15:14:58"
8,47,"2023-05-13 15:14:58"
8,48,"2023-05-13 15:14:58"
8,49,"2023-05-13 15:14:58"
8,50,"2023-05-13 15:14:58"
8,51,"2023-05-13 15:14:58"
8,52,"2023-05-13 15:14:58"
8,53,"2023-05-13 15:14:58"
8,54,"2023-05-13 15:14:58"
8,55,"2023-05-13 15:14:58"
8,56,"2023-05-13 15:14:58"
8,57,"2023-05-13 15:14:58"
8,58,"2023-05-13 15:14:58"
8,59,"2023-05-13 15:14:58"
8,60,"2023-05-13 15:14:58"
8,61,"2023-05-13 15:14:58"
8,62,"2023-05-13 15:14:58"
8,63,"2023-05-13 15:14:58"
8,64,"2023-05-13 15:14:58"
8,65,"2023-05-13 15:14:58"
8,66,"2023-05-13 15:14:58"
8,67,"2023-05-13 15:14:58"
8,68,"2023-05-13 15:14:58"
8,69,"2023-05-13 15:14:58"
8,70,"2023-05-13 15:14:58"
8,71,"2023-05-13 15:14:58"
8,72,"2023-05-13 15:14:58"
8,73,"2023-05-13 15:14:58"
8,74,"2023-05-13 15:14:58"
8,75,"2023-05-13 15:14:58"
8,76,"2023-05-13 15:14:58"
8,77,"2023-05-13 15:14:58"
8,78,"2023-05-13 15:14:58"
8,79,"2023-05-13 15:14:58"
8,80,"2023-05-13 15:14:58"
8,81,"2023-05-13 15:14:58"
8,82,"2023-05-13 15:14:58"
8,83,"2023-05-13 15:14:58"
8,84,"2023-05-13 15:14:58"
8,85,"2023-05-13 15:14:58"
8,86,"2023-05-13 15:14:58"
8,87,"2023-05-13 15:14:58"
8,88,"2023-05-13 15:14:58"
8,89,"2023-05-13 15:14:58"
8,90,"2023-05-13 15:14:58"
8,91,"2023-05-13 15:14:58"
8,92,"2023-05-13 15:14:58"
8,93,"2023-05-13 15:14:58"
8,94,"2023-05-13 15:14:58"
8,95,"2023-05-13 15:14:58"
8,96,"2023-05-13 15:14:58"
8,97,"2023-05-13 15:14:58"
8,98,"2023-05-13 15:14:58"
8,99,"2023-05-13 15:14:58"
8,100,"2023-05-13 15:14:58"
9,1,"2023-05-13 15:14:58"
9,2,"2023-05-13 15:14:58"
9,3,"2023-05-13 15:14:58"
9,4,"2023-05-13 15:14:58"
9,5,"2023-05-13 15:14:58"
9,6,"2023-05-13 15:14:58"
9,7,"2023-05-13 15:14:58"
9,8,"2023-05-13 15:14:58"
9,10,"2023-05-13 15:14:58"
9,11,"2023-05-13 15:14:58"
9,12,"2023-05-13 15:14:58"
9,13,"2023-05-13 15:14:58"
9,14,"2023-05-13 15:14:58"
9,15,"2023-05-13 15:14:58"
9,16,"2023-05-13 15:14:58"
9,17,"2023-05-13 15:14:58"
9,18,"2023-05-13 15:14:58"
9,19,"2023-05-13 15:14:58"
9,20,"2023-05-13 15:14:58"
9,21,"2023-05-13 15:14:58"
9,22,"2023-05-13 15:14:58"
9,23,"2023-05-13 15:14:58"
9,24,"2023-05-13 15:14:58"
9,25,"2023-05-13 15:14:58"
9,26,"2023-05-13 15:14:58"
9,27,"2023-05-13 15:14:58"
9,28,"2023-05-13 15:14:58"
9,29,"2023-05-13 15:14:58"
9,30,"2023-05-13 15:14:58"
9,31,"2023-05-13 15:14:58"
9,32,"2023-05-13 15:14:58"
9,33,"2023-05-13 15:14:58"
9,34,"2023-05-13 15:14:58"
9,35,"2023-05-13 15:14:58"
9,36,"2023-05-13 15:14:58"
9,37,"2023-05-13 15:14:58"
9,38,"2023-05-13 15:14:58"
9,39,"2023-05-13 15:14:58"
9,40,"2023-05-13 15:14:58"
9,41,"2023-05-13 15:14:58"
9,42,"2023-05-13 15:14:58"
9,43,"2023-05-13 15:14:58"
9,44,"2023-05-13 15:14:58"
9,45,"2023-05-13 15:14:58"
9,46,"2023-05-13 15:14:58"
9,47,"2023-05-13 15:14:58"
9,48,"2023-05-13 15:14:58"
9,49,"2023-05-13 15:14:58"
9,50,"2023-05-13 15:14:58"
9,51,"2023-05-13 15:14:58"
9,52,"2023-05-13 15:14:58"
9,53,"2023-05-13 15:14:58"
9,54,"2023-05-13 15:14:58"
9,55,"2023-05-13 15:14:58"
9,56,"2023-05-13 15:14:58"
9,57,"2023-05-13 15:14:58"
9,58,"2023-05-13 15:14:58"
9,59,"2023-05-13 15:14:58"
9,60,"2023-05-13 15:14:58"
9,61,"2023-05-13 15:14:58"
9,62,"2023-05-13 15:14:58"
9,63,"2023-05-13 15:14:58"
9,64,"2023-05-13 15:14:58"
9,65,"2023-05-13 15:14:58"
9,66,"2023-05-13 15:14:58"
9,67,"2023-05-13 15:14:58"
9,68,"2023-05-13 15:14:58"
9,69,"2023-05-13 15:14:58"
9,70,"2023-05-13 15:14:58"
9,71,"2023-05-13 15:14:58"
9,72,"2023-05-13 15:14:58"
9,73,"2023-05-13 15:14:58"
9,74,"2023-05-13 15:14:58"
9,75,"2023-05-13 15:14:58"
9,76,"2023-05-13 15:14:58"
9,77,"2023-05-13 15:14:58"
9,78,"2023-05-13 15:14:58"
9,79,"2023-05-13 15:14:58"
9,80,"2023-05-13 15:14:58"
9,81,"2023-05-13 15:14:58"
9,82,"2023-05-13 15:14:58"
9,83,"2023-05-13 15:14:58"
9,84,"2023-05-13 15:14:58"
9,85,"2023-05-13 15:14:58"
9,86,"2023-05-13 15:14:58"
9,87,"2023-05-13 15:14:58"
9,88,"2023-05-13 15:14:58"
9,89,"2023-05-13 15:14:58"
9,90,"2023-05-13 15:14:58"
9,91,"2023-05-13 15:14:58"
9,92,"2023-05-13 15:14:58"
9,93,"2023-05-13 15:14:58"
9,94,"2023-05-13 15:14:58"
9,95,"2023-05-13 15:14:58"
9,96,"2023-05-13 15:14:58"
9,97,"2023-05-13 15:14:58"
9,98,"2023-05-13 15:14:58"
9,99,"2023-05-13 15:14:58"
9,100,"2023-05-13 15:14:58"
10,1,"2023-05-13 15:14:58"
10,2,"2023-05-13 15:14:58"
10,3,"2023-05-13 15:14:58"
10,4,"2023-05-13 15:14:58"
10,5,"2023-05-13 15:14:58"
10,6,"2023-05-13 15:14:58"
10,7,"2023-05-13 15:14:58"
10,8,"2023-05-13 15:14:58"
10,9,"2023-05-13 15:14:58"
10,11,"2023-05-13 15:14:58"
10,12,"2023-05-13 15:14:58"
10,13,"2023-05-13 15:14:58"
10,14,"2023-05-13 15:14:58"
10,15,"2023-05-13 15:14:58"
10,16,"2023-05-13 15:14:58"
10,17,"2023-05-13 15:14:58"
10,18,"2023-05-13 15:14:58"
10,19,"2023-05-13 15:14:58"
10,20,"2023-05-13 15:14:58"
10,21,"2023-05-13 15:14:58"
10,22,"2023-05-13 15:14:58"
10,23,"2023-05-13 15:14:58"
10,24,"2023-05-13 15:14:58"
10,25,"2023-05-13 15:14:58"
10,26,"2023-05-13 15:14:58"
10,27,"2023-05-13 15:14:58"
10,28,"2023-05-13 15:14:58"
10,29,"2023-05-13 15:14:58"
10,30,"2023-05-13 15:14:58"
10,31,"2023-05-13 15:14:58"
10,32,"2023-05-13 15:14:58"
10,33,"2023-05-13 15:14:58"
10,34,"2023-05-13 15:14:58"
10,35,"2023-05-13 15:14:58"
10,36,"2023-05-13 15:14:58"
10,37,"2023-05-13 15:14:58"
10,38,"2023-05-13 15:14:58"
10,39,"2023-05-13 15:14:58"
10,40,"2023-05-13 15:14:58"
10,41,"2023-05-13 15:14:58"
10,42,"2023-05-13 15:14:58"
10,43,"2023-05-13 15:14:58"
10,44,"2023-05-13 15:14:58"
10,45,"2023-05-13 15:14:58"
10,46,"2023-05-13 15:14:58"
10,47,"2023-05-13 15:14:58"
10,48,"2023-05-13 15:14:58"
10,49,"2023-05-13 15:14:58"
10,50,"2023-05-13 15:14:58"
10,51,"2023-05-13 15:14:58"
10,52,"2023-05-13 15:14:58"
10,53,"2023-05-13 15:14:58"
10,54,"2023-05-13 15:14:58"
10,55,"2023-05-13 15:14:58"
10,56,"2023-05-13 15:14:58"
10,57,"2023-05-13 15:14:58"
10,58,"2023-05-13 15:14:58"
10,59,"2023-05-13 15:14:58"
10,60,"2023-05-13 15:14:58"
10,61,"2023-05-13 15:14:58"
10,62,"2023-05-13 15:14:58"
10,63,"2023-05-13 15:14:58"
10,64,"2023-05-13 15:14:58"
10,65,"2023-05-13 15:14:58"
10,66,"2023-05-13 15:14:58"
10,67,"2023-05-13 15:14:58"
10,68,"2023-05-13 15:14:58"
10,69,"2023-05-13 15:14:58"
10,70,"2023-05-13 15:14:58"
10,71,"2023-05-13 15:14:58"
10,72,"2023-05-13 15:14:58"
10,73,"2023-05-13 15:14:58"
10,74,"2023-05-13 15:14:58"
10,75,"2023-05-13 15:14:58"
10,76,"2023-05-13 15:14:58"
10,77,"2023-05-13 15:14:58"
10,78,"2023-05-13 15:14:58"
10,79,"2023-05-13 15:14:58"
10,80,"2023-05-13 15:14:58"
10,81,"2023-05-13 15:14:58"
10,82,"2023-05-13 15:14:58"
10,83,"2023-05-13 15:14:58"
10,84,"2023-05-13 15:14:58"
10,85,"2023-05-13 15:14:58"
10,86,"2023-05-13 15:14:58"
10,87,"2023-05-13 15:14:58"
10,88,"2023-05-13 15:14:58"
10,89,"2023-05-13 15:14:58"
10,90,"2023-05-13 15:14:58"
10,91,"2023-05-13 15:14:58"
10,92,"2023-05-13 15:14:58"
10,93,"2023-05-13 15:14:58"
10,94,"2023-05-13 15:14:58"
10,95,"2023-05-13 15:14:58"
10,96,"2023-05-13 15:14:58"
10,97,"2023-05-13 15:14:58"
10,98,"2023-05-13 15:14:58"
10,99,"2023-05-13 15:14:58"
10,100,"2023-05-13 15:14:58"
11,1,"2023-05-13 15:14:58"
11,2,"2023-05-13 15:14:58"
11,3,"2023-05-13 15:14:58"
11,4,"2023-05-13 15:14:58"
11,5,"2023-05-13 15:14:58"
11,6,"2023-05-13 15:14:58"
11,7,"2023-05-13 15:14:58"
11,8,"2023-05-13 15:14:58"
11,9,"2023-05-13 15:14:58"
11,10,"2023-05-13 15:14:58"
11,12,"2023-05-13 15:14:58"
11,13,"2023-05-13 15:14:58"
11,14,"2023-05-13 15:14:58"
11,15,"2023-05-13 15:14:58"
11,16,"2023-05-13 15:14:58"
11,17,"2023-05-13 15:14:58"
11,18,"2023-05-13 15:14:58"
11,19,"2023-05-13 15:14:58"
11,20,"2023-05-13 15:14:58"
11,21,"2023-05-13 15:14:58"
11,22,"2023-05-13 15:14:58"
11,23,"2023-05-13 15:14:58"
11,24,"2023-05-13 15:14:58"
11,25,"2023-05-13 15:14:58"
11,26,"2023-05-13 15:14:58"
11,27,"2023-05-13 15:14:58"
11,28,"2023-05-13 15:14:58"
11,29,"2023-05-13 15:14:58"
11,30,"2023-05-13 15:14:58"
11,31,"2023-05-13 15:14:58"
11,32,"2023-05-13 15:14:58"
11,33,"2023-05-13 15:14:58"
11,34,"2023-05-13 15:14:58"
11,35,"2023-05-13 15:14:58"
11,36,"2023-05-13 15:14:58"
11,37,"2023-05-13 15:14:58"
11,38,"2023-05-13 15:14:58"
11,39,"2023-05-13 15:14:58"
11,40,"2023-05-13 15:14:58"
11,41,"2023-05-13 15:14:58"
11,42,"2023-05-13 15:14:58"
11,43,"2023-05-13 15:14:58"
11,44,"2023-05-13 15:14:58"
11,45,"2023-05-13 15:14:58"
11,46,"2023-05-13 15:14:58"
11,47,"2023-05-13 15:14:58"
11,48,"2023-05-13 15:14:58"
11,49,"2023-05-13 15:14:58"
11,50,"2023-05-13 15:14:58"
11,51,"2023-05-13 15:14:58"
11,52,"2023-05-13 15:14:58"
11,53,"2023-05-13 15:14:58"
11,54,"2023-05-13 15:14:58"
11,55,"2023-05-13 15:14:58"
11,56,"2023-05-13 15:14:58"
11,57,"2023-05-13 15:14:58"
11,58,"2023-05-13 15:14:58"
11,59,"2023-05-13 15:14:58"
11,60,"2023-05-13 15:14:58"
11,61,"2023-05-13 15:14:58"
11,62,"2023-05-13 15:14:58"
11,63,"2023-05-13 15:14:58"
11,64,"2023-05-13 15:14:58"
11,65,"2023-05-13 15:14:58"
11,66,"2023-05-13 15:14:58"
11,67,"2023-05-13 15:14:58"
11,68,"2023-05-13 15:14:58"
11,69,"2023-05-13 15:14:58"
11,70,"2023-05-13 15:14:58"
11,71,"2023-05-13 15:14:58"
11,72,"2023-05-13 15:14:58"
11,73,"2023-05-13 15:14:58"
11,74,"2023-05-13 15:14:58"
11,75,"2023-05-13 15:14:58"
11,76,"2023-05-13 15:14:58"
11,77,"2023-05-13 15:14:58"
11,78,"2023-05-13 15:14:58"
11,79,"2023-05-13 15:14:58"
11,80,"2023-05-13 15:14:58"
11,81,"2023-05-13 15:14:58"
11,82,"2023-05-13 15:14:58"
11,83,"2023-05-13 15:14:58"
11,84,"2023-05-13 15:14:58"
11,85,"2023-05-13 15:14:58"
11,86,"2023-05-13 15:14:58"
11,87,"2023-05-13 15:14:58"
11,88,"2023-05-13 15:14:58"
11,89,"2023-05-13 15:14:58"
11,90,"2023-05-13 15:14:58"
11,91,"2023-05-13 15:14:58"
11,92,"2023-05-13 15:14:58"
11,93,"2023-05-13 15:14:58"
11,94,"2023-05-13 15:14:58"
11,95,"2023-05-13 15:14:58"
11,96,"2023-05-13 15:14:58"
11,97,"2023-05-13 15:14:58"
11,98,"2023-05-13 15:14:58"
11,99,"2023-05-13 15:14:58"
11,100,"2023-05-13 15:14:58"
12,1,"2023-05-13 15:14:58"
12,2,"2023-05-13 15:14:58"
12,3,"2023-05-13 15:14:58"
12,4,"2023-05-13 15:14:58"
12,5,"2023-05-13 15:14:58"
12,6,"2023-05-13 15:14:58"
12,7,"2023-05-13 15:14:58"
12,8,"2023-05-13 15:14:58"
12,9,"2023-05-13 15:14:58"
12,10,"2023-05-13 15:14:58"
12,11,"2023-05-13 15:14:58"
12,13,"2023-05-13 15:14:58"
12,14,"2023-05-13 15:14:58"
12,15,"2023-05-13 15:14:58"
12,16,"2023-05-13 15:14:58"
12,17,"2023-05-13 15:14:58"
12,18,"2023-05-13 15:14:58"
12,19,"2023-05-13 15:14:58"
12,20,"2023-05-13 15:14:58"
12,21,"2023-05-13 15:14:58"
12,22,"2023-05-13 15:14:58"
12,23,"2023-05-13 15:14:58"
12,24,"2023-05-13 15:14:58"
12,25,"2023-05-13 15:14:58"
12,26,"2023-05-13 15:14:58"
12,27,"2023-05-13 15:14:58"
12,28,"2023-05-13 15:14:58"
12,29,"2023-05-13 15:14:58"
12,30,"2023-05-13 15:14:58"
12,31,"2023-05-13 15:14:58"
12,32,"2023-05-13 15:14:58"
12,33,"2023-05-13 15:14:58"
12,34,"2023-05-13 15:14:58"
12,35,"2023-05-13 15:14:58"
12,36,"2023-05-13 15:14:58"
12,37,"2023-05-13 15:14:58"
12,38,"2023-05-13 15:14:58"
12,39,"2023-05-13 15:14:58"
12,40,"2023-05-13 15:14:58"
12,41,"2023-05-13 15:14:58"
12,42,"2023-05-13 15:14:58"
12,43,"2023-05-13 15:14:58"
12,44,"2023-05-13 15:14:58"
12,45,"2023-05-13 15:14:58"
12,46,"2023-05-13 15:14:58"
12,47,"2023-05-13 15:14:58"
12,48,"2023-05-13 15:14:58"
12,49,"2023-05-13 15:14:58"
12,50,"2023-05-13 15:14:58"
12,51,"2023-05-13 15:14:58"
12,52,"2023-05-13 15:14:58"
12,53,"2023-05-13 15:14:58"
12,54,"2023-05-13 15:14:58"
12,55,"2023-05-13 15:14:58"
12,56,"2023-05-13 15:14:58"
12,57,"2023-05-13 15:14:58"
12,58,"2023-05-13 15:14:58"
12,59,"2023-05-13 15:14:58"
12,60,"2023-05-13 15:14:58"
12,61,"2023-05-13 15:14:58"
12,62,"2023-05-13 15:14:58"
12,63,"2023-05-13 15:14:58"
12,64,"2023-05-13 15:14:58"
12,65,"2023-05-13 15:14:58"
12,66,"2023-05-13 15:14:58"
12,67,"2023-05-13 15:14:58"
12,68,"2023-05-13 15:14:58"
12,69,"2023-05-13 15:14:58"
12,70,"2023-05-13 15:14:58"
12,71,"2023-05-13 15:14:58"
12,72,"2023-05-13 15:14:58"
12,73,"2023-05-13 15:14:58"
12,74,"2023-05-13 15:14:58"
12,75,"2023-05-13 15:14:58"
12,76,"2023-05-13 15:14:58"
12,77,"2023-05-13 15:14:58"
12,78,"2023-05-13 15:14:58"
12,79,"2023-05-13 15:14:58"
12,80,"2023-05-13 15:14:58"
12,81,"2023-05-13 15:14:58"
12,82,"2023-05-13 15:14:58"
12,83,"2023-05-13 15:14:58"
12,84,"2023-05-13 15:14:58"
12,85,"2023-05-13 15:14:58"
12,86,"2023-05-13 15:14:58"
12,87,"2023-05-13 15:14:58"
12,88,"2023-05-13 15:14:58"
12,89,"2023-05-13 15:14:58"
12,90,"2023-05-13 15:14:58"
12,91,"2023-05-13 15:14:58"
12,92,"2023-05-13 15:14:58"
12,93,"2023-05-13 15:14:58"
12,94,"2023-05-13 15:14:58"
12,95,"2023-05-13 15:14:58"
12,96,"2023-05-13 15:14:58"
12,97,"2023-05-13 15:14:58"
12,98,"2023-05-13 15:14:58"
12,99,"2023-05-13 15:14:58"
12,100,"2023-05-13 15:14:58"
13,1,"2023-05-13 15:14:58"
13,2,"2023-05-13 15:14:58"
13,3,"2023-05-13 15:14:58"
13,4,"2023-05-13 15:14:58"
13,5,"2023-05-13 15:14:58"
13,6,"2023-05-13 15:14:58"
13,7,"2023-05-13 15:14:58"
13,8,"2023-05-13 15:14:58"
13,9,"2023-05-13 15:14:58"
13,10,"2023-05-13 15:14:58"
